Origin,Destn,areabrkup,Jul-15 to Aug08,May edge,Var
BOMH,BLRH,"{""boma-blraexnktk"":32.71,""boma-cbea"":3.38,""boma-coka"":5.82,""boma-ixma"":1.19}",43.1,32.16,10.94
LUHB,AMCH,"{""ixca-amda"":0.54,""ixca-apda"":0.47,""ixca-blraexnktk"":7.44,""ixca-boma"":1.54,""ixca-cbea"":0.06,""ixca-ccua"":2.72,""ixca-cgsa"":1.06,""ixca-coka"":0.56,""ixca-eastukna"":0.27,""ixca-eastup"":1.59,""ixca-goia"":0.11,""ixca-guaa"":0.02,""ixca-hyda"":0.84,""ixca-idra"":0.65,""ixca-ixca"":0.89,""ixca-ixma"":0.42,""ixca-ixub"":0.05,""ixca-jaia"":0.34,""ixca-jspa"":0.1,""ixca-maaa"":4.89,""ixca-naga"":0.23,""ixca-ncrnonup"":5.48,""ixca-ncrup"":0.73,""ixca-nktk"":0.26,""ixca-orsa"":0.37,""ixca-path"":0.38,""ixca-pnpf"":0.18,""ixca-pnqa"":1.76,""ixca-sguj"":0.18,""ixca-sjaia"":0.03,""ixca-snra"":0.16,""ixca-westup"":0.25}",34.57,24.02,10.55
DELH,MAAH,"{""ixca-maaa"":9.86,""jaia-maaa"":1.34,""ncrnonup-maaa"":26.95,""ncrup-maaa"":5.77,""pnpf-maaa"":0.91}",44.83,36.06,8.77
AMCH,DELH,"{""ixca-jaia"":1.73,""ixca-maaa"":9.86,""ixca-ncrnonup"":12.8,""ixca-sjaia"":0.48,""pnpf-ncrnonup"":0.35}",25.22,16.9,8.32
BOMH,PNQH,"{""boma-goia"":3.33,""boma-nktk"":0.85,""boma-pnqa"":17.65,""cgsa-goia"":0,""cgsa-pnqa"":0.09,""ixca-goia"":0.72,""ixca-nktk"":0.34,""ixca-pnqa"":3.91,""jspa-pnqa"":0.37,""orsa-goia"":0.01,""orsa-pnqa"":0.01}",27.28,19.3,7.98
VPIH,BOMH,"{""sguj-boma"":1.99,""sguj-ccua"":4.06,""sguj-cgsa"":0.37,""sguj-eastukna"":0.19,""sguj-eastup"":2.37,""sguj-guaa"":0.29,""sguj-idra"":0.89,""sguj-ixub"":0.3,""sguj-jspa"":0.76,""sguj-maaa"":3.03,""sguj-naga"":0.4,""sguj-orsa"":1.16,""sguj-path"":0.67,""sguj-westup"":0.36}",16.84,8.96,7.88
PNQH,BOMH,"{""goia-boma"":0.8,""goia-cgsa"":0.3,""goia-ixca"":1.18,""goia-jspa"":0.33,""goia-orsa"":0.53,""nktk-boma"":0.03,""nktk-cgsa"":0.01,""nktk-ixca"":0.06,""pnqa-boma"":10.34,""pnqa-cgsa"":1.93,""pnqa-ixca"":12.09,""pnqa-jspa"":4.04,""pnqa-orsa"":1.87}",33.51,25.75,7.76
BOMH,CCUH,"{""boma-ccua"":16.54,""boma-guaa"":1.93,""idra-ccua"":0.41,""idra-guaa"":0.04,""sguj-ccua"":4.06,""sguj-guaa"":0.29}",23.27,16.59,6.68
BOMH,HYDH,"{""boma-apda"":4.71,""boma-hyda"":17.7,""boma-tirb"":0.47}",22.88,16.22,6.66
PNQH,DELH,"{""goia-ncrnonup"":0.42,""goia-ncrup"":0.18,""goia-pnpf"":0,""nktk-ncrnonup"":0.44,""nktk-ncrup"":0.02,""pnqa-ncrnonup"":22.54,""pnqa-ncrup"":4.42,""pnqa-pnpf"":0.5}",28.52,22.67,5.85
DELH,BLRH,"{""jaia-blraexnktk"":7.24,""jaia-cbea"":0.07,""jaia-coka"":0.06,""ncrnonup-blraexnktk"":24.24,""ncrnonup-cbea"":3.57,""ncrnonup-coka"":4.76,""ncrnonup-ixma"":1.19,""ncrup-blraexnktk"":5.55,""ncrup-cbea"":0.65,""ncrup-coka"":1.56,""ncrup-ixma"":0.28,""pnpf-blraexnktk"":4.65,""pnpf-cbea"":0.05,""pnpf-coka"":0.04,""pnpf-ixma"":0.11}",54.02,48.24,5.78
BLRH,COKH,"{""amda-coka"":0.85,""apda-coka"":0.56,""blraexnktk-coka"":7.12,""boma-coka"":5.82,""ccua-coka"":1.12,""cgsa-coka"":0,""eastukna-coka"":0,""eastup-coka"":0.07,""goia-coka"":0.3,""guaa-coka"":0.01,""hyda-coka"":0.86,""idra-coka"":0.08,""ixca-coka"":2.1,""ixub-coka"":1.46,""jaia-coka"":0.06,""jspa-coka"":0.04,""naga-coka"":0.33,""ncrnonup-coka"":4.76,""ncrup-coka"":1.56,""nktk-coka"":0.17,""orsa-coka"":0.02,""path-coka"":0.12,""pnpf-coka"":0.04,""pnqa-coka"":3.22,""sguj-coka"":2.65,""sjaia-coka"":0.01,""snra-coka"":0.21,""westup-coka"":0.66}",34.2,28.64,5.56
JAIH,DELH,"{""jaia-apda"":0.04,""jaia-blraexnktk"":7.24,""jaia-cbea"":0.07,""jaia-ccua"":1.82,""jaia-coka"":0.06,""jaia-eastukna"":0.05,""jaia-eastup"":0.67,""jaia-guaa"":0.07,""jaia-hyda"":0.54,""jaia-jspa"":0.26,""jaia-maaa"":1.34,""jaia-ncrnonup"":2.94,""jaia-ncrup"":0.59,""jaia-orsa"":0.2,""jaia-path"":0.42,""jaia-tirb"":0.11,""jaia-westup"":0.01}",16.43,11.33,5.1
PNQH,HYDH,"{""goia-apda"":0.22,""goia-hyda"":1,""goia-tirb"":0.05,""ixub-apda"":0.04,""ixub-hyda"":0.15,""ixub-tirb"":0,""pnqa-apda"":2.37,""pnqa-hyda"":8.08,""pnqa-tirb"":0.25,""sguj-apda"":0.43,""sguj-hyda"":1.88,""sguj-tirb"":0.23,""snra-apda"":0.51,""snra-hyda"":0.87,""snra-tirb"":0.03}",16.11,11.23,4.88
GZBH,DELH,"{""eastukna-amda"":0.42,""eastukna-boma"":0.37,""eastukna-jaia"":0.39,""eastukna-ncrnonup"":0.84,""eastukna-pnqa"":0.22,""eastukna-sguj"":0.02,""eastukna-sjaia"":0.02,""ncrup-amda"":2.36,""ncrup-apda"":1.16,""ncrup-blraexnktk"":5.55,""ncrup-boma"":6.92,""ncrup-cbea"":0.65,""ncrup-cgsa"":1.04,""ncrup-coka"":1.56,""ncrup-goia"":0.14,""ncrup-hyda"":2.8,""ncrup-ixma"":0.28,""ncrup-ixub"":0.95,""ncrup-jaia"":0.84,""ncrup-maaa"":5.77,""ncrup-naga"":0.63,""ncrup-ncrnonup"":8.6,""ncrup-nktk"":0.19,""ncrup-pnpf"":0.1,""ncrup-pnqa"":3.32,""ncrup-sguj"":0.45,""ncrup-sjaia"":0.3,""ncrup-snra"":0.44,""ncrup-tirb"":0.09}",46.42,41.86,4.56
BLRH,JAIH,"{""blraexnktk-jaia"":10.98,""cbea-jaia"":0.9,""coka-jaia"":0.39,""ixma-jaia"":0.03,""maaa-jaia"":3.38}",15.68,11.19,4.49
BOMH,RPRH,"{""boma-cgsa"":3.46,""boma-jspa"":3.35,""boma-orsa"":2.61,""goia-cgsa"":0.3,""goia-jspa"":0.33,""goia-orsa"":0.53,""ixub-jspa"":0.04,""nktk-cgsa"":0.01,""pnqa-cgsa"":1.93,""pnqa-jspa"":4.04,""pnqa-orsa"":1.87,""sguj-cgsa"":0.37,""sguj-jspa"":0.76,""sguj-orsa"":1.16,""snra-cgsa"":0.29,""snra-jspa"":0.24,""snra-orsa"":0.33}",21.62,17.32,4.3
MAAH,BLRH,"{""maaa-blraexnktk"":8.11,""maaa-goia"":1.38,""maaa-jaia"":3.38,""maaa-nktk"":0.66,""maaa-sguj"":1.6,""maaa-sjaia"":0.71}",15.84,11.57,4.27
PNWH,AMCH,"{""ixca-amda"":0.33,""ixca-apda"":0.57,""ixca-blraexnktk"":1.11,""ixca-boma"":1.27,""ixca-cbea"":0.06,""ixca-ccua"":2.33,""ixca-cgsa"":0.25,""ixca-coka"":0.57,""ixca-eastukna"":0,""ixca-eastup"":1.09,""ixca-goia"":0.05,""ixca-guaa"":0.04,""ixca-hyda"":0.91,""ixca-idra"":0.57,""ixca-ixca"":0.54,""ixca-ixma"":0.11,""ixca-ixub"":0.13,""ixca-jaia"":0.29,""ixca-jspa"":0.33,""ixca-maaa"":2.75,""ixca-naga"":0.21,""ixca-ncrnonup"":4.51,""ixca-ncrup"":0.11,""ixca-nktk"":0.02,""ixca-orsa"":0.16,""ixca-path"":0.54,""ixca-pnpf"":0.02,""ixca-pnqa"":1.1,""ixca-sguj"":1.18,""ixca-sjaia"":0.27,""ixca-tirb"":0.05,""ixca-westup"":0.07}",21.54,17.41,4.13
PNQH,SNRH,"{""apda-ixub"":0.27,""apda-snra"":0.13,""ccua-snra"":0.17,""goia-ixub"":0.18,""goia-snra"":0.44,""hyda-ixub"":0.1,""hyda-snra"":0.05,""jaia-ixub"":0.01,""jaia-snra"":0.01,""maaa-ixub"":2.32,""maaa-snra"":1.06,""naga-snra"":0.13,""nktk-snra"":0,""pnqa-ixub"":2.01,""pnqa-snra"":2.6,""sguj-snra"":0.17,""tirb-ixub"":0.01}",9.66,5.65,4.01
VPIH,BLRH,"{""sguj-blraexnktk"":3.29,""sguj-cbea"":0.73,""sguj-coka"":2.65,""sguj-ixma"":0.49}",7.16,3.42,3.74
BOMH,DELH,"{""boma-ncrnonup"":25.36,""boma-ncrup"":5.3,""boma-pnpf"":0.49}",31.15,27.44,3.71
BOMH,AMCH,"{""boma-ixca"":13.75,""goia-ixca"":1.18,""ixub-ixca"":1.22,""nktk-ixca"":0.06,""pnqa-ixca"":12.09}",28.3,24.75,3.55
BLRH,DELH,"{""blraexnktk-ncrnonup"":16.4,""blraexnktk-ncrup"":3.11,""blraexnktk-pnpf"":0.66,""blraexnktk-westup"":1.3,""cbea-ncrnonup"":4.52,""cbea-ncrup"":2.18,""cbea-westup"":0,""coka-ncrnonup"":1.46,""coka-ncrup"":0.26,""coka-pnpf"":0.01,""coka-westup"":0.08,""ixma-ncrnonup"":0.38,""ixma-ncrup"":0.16,""ixma-westup"":0.01}",30.53,26.98,3.55
DELH,CCUH,"{""jaia-ccua"":1.82,""jaia-guaa"":0.07,""ncrnonup-ccua"":14.1,""ncrnonup-guaa"":3.11,""pnpf-ccua"":0.26,""sjaia-ccua"":0.02}",19.38,15.9,3.48
BOMH,IDRH,"{""boma-eastukna"":0.31,""boma-eastup"":5.8,""boma-idra"":9.61,""boma-path"":1.8,""boma-westup"":1.73,""ccua-idra"":1.13,""sguj-eastukna"":0.19,""sguj-eastup"":2.37,""sguj-idra"":0.89,""sguj-path"":0.67,""sguj-westup"":0.36}",24.86,21.44,3.42
AMCH,KNPH,"{""ixca-ccua"":6.88,""ixca-eastup"":4.42,""ixca-guaa"":1.49,""ixca-jspa"":0.96,""ixca-orsa"":1.31,""ixca-path"":1.25}",16.31,13.05,3.26
DELH,AMCH,"{""amda-ixca"":4.6,""apda-ixca"":2.25,""cgsa-ixca"":0.04,""hyda-ixca"":4.57,""idra-ixca"":0.61,""maaa-ixca"":11.9,""naga-ixca"":0.46,""ncrnonup-ixca"":18.37,""ncrnonup-pnpf"":0.86,""sjaia-ixca"":0.02,""snra-ixca"":1.08}",44.76,41.57,3.19
HYDH,VZAH,"{""amda-apda"":1.15,""boma-apda"":4.71,""cgsa-apda"":0,""eastukna-apda"":0.02,""eastup-apda"":0.11,""goia-apda"":0.22,""hyda-apda"":5.98,""hyda-ccua"":2.34,""hyda-guaa"":0.35,""hyda-jspa"":1.08,""hyda-orsa"":0.55,""hyda-path"":0.43,""idra-apda"":0.2,""ixca-apda"":1.78,""ixub-apda"":0.04,""jaia-apda"":0.04,""naga-apda"":0.29,""ncrnonup-apda"":4.19,""ncrup-apda"":1.16,""pnpf-apda"":0.04,""pnqa-apda"":2.37,""sguj-apda"":0.43,""sjaia-apda"":0.11,""snra-apda"":0.51,""tirb-apda"":0.19,""tirb-ccua"":0.03,""tirb-guaa"":0,""tirb-orsa"":0,""tirb-path"":0,""westup-apda"":0.17}",28.49,25.38,3.11
MAAH,PNQH,"{""maaa-ixub"":2.32,""maaa-pnqa"":5.18,""maaa-snra"":1.06}",8.56,5.53,3.03
PNQH,BLRH,"{""ixub-blraexnktk"":0.46,""ixub-cbea"":0.48,""ixub-coka"":1.46,""ixub-ixma"":0.5,""pnqa-blraexnktk"":13.6,""pnqa-cbea"":3.8,""pnqa-coka"":3.22,""pnqa-ixma"":1.13,""snra-blraexnktk"":5.29,""snra-cbea"":0.27,""snra-coka"":0.21,""snra-ixma"":0.22}",30.64,27.89,2.75
BLRH,MAAH,"{""blraexnktk-maaa"":13.62,""goia-maaa"":0.7,""nktk-maaa"":0.04}",14.36,11.65,2.71
IXCB,AMCH,"{""ixca-amda"":0.48,""ixca-apda"":0.27,""ixca-blraexnktk"":1.15,""ixca-boma"":0.86,""ixca-cbea"":0.02,""ixca-ccua"":0.46,""ixca-cgsa"":0.12,""ixca-coka"":0.15,""ixca-eastukna"":0.11,""ixca-eastup"":0.37,""ixca-goia"":0.24,""ixca-guaa"":0.23,""ixca-hyda"":0.59,""ixca-idra"":0.29,""ixca-ixca"":1.28,""ixca-ixma"":0.05,""ixca-ixub"":0.01,""ixca-jaia"":0.28,""ixca-jspa"":0.22,""ixca-maaa"":0.64,""ixca-naga"":0.14,""ixca-ncrnonup"":0.93,""ixca-ncrup"":0.25,""ixca-orsa"":0.45,""ixca-path"":0.26,""ixca-pnpf"":0.02,""ixca-pnqa"":0.4,""ixca-sguj"":0.11,""ixca-sjaia"":0.01,""ixca-snra"":0.13,""ixca-tirb"":0.05,""ixca-westup"":0.02}",10.59,7.92,2.67
AMDH,DELH,"{""amda-ixca"":4.6,""amda-ncrnonup"":5.9,""amda-ncrup"":0.94,""amda-pnpf"":0.06,""sguj-ncrnonup"":3.76,""sguj-ncrup"":0.78,""sguj-pnpf"":0.09}",16.13,13.54,2.59
BLRH,CCUH,"{""blraexnktk-ccua"":7.51,""blraexnktk-guaa"":0.59,""cbea-ccua"":1.36,""cbea-guaa"":0.03,""coka-ccua"":0.14,""coka-guaa"":0.05,""ixma-ccua"":0.17,""ixma-guaa"":0}",9.85,7.27,2.58
BLRH,BOMH,"{""blraexnktk-boma"":9.66,""blraexnktk-ixub"":0.56,""blraexnktk-snra"":0.95,""cbea-boma"":3.06,""cbea-ixub"":0.16,""coka-boma"":0.88,""coka-ixub"":0,""coka-snra"":0.1,""ixma-boma"":0.09}",15.46,12.9,2.56
AMCH,PNWH,"{""amda-ixca"":1.13,""apda-ixca"":1.7,""blraexnktk-ixca"":1.2,""boma-ixca"":2.38,""cbea-ixca"":0.21,""ccua-ixca"":0.27,""coka-ixca"":0.12,""eastup-ixca"":0.1,""goia-ixca"":0.16,""hyda-ixca"":0.95,""idra-ixca"":0.02,""ixca-ixca"":0.2,""ixma-ixca"":0,""ixub-ixca"":0.52,""jaia-ixca"":0.03,""jspa-ixca"":0,""maaa-ixca"":3.98,""naga-ixca"":0.1,""ncrnonup-ixca"":1.66,""ncrup-ixca"":0.43,""nktk-ixca"":0.06,""orsa-ixca"":0.01,""path-ixca"":0,""pnpf-ixca"":0.05,""pnqa-ixca"":2.14,""sguj-ixca"":0.13,""snra-ixca"":0.05,""westup-ixca"":0.05}",17.65,15.09,2.56
AMCH,IDRH,"{""ixca-amda"":2.59,""ixca-apda"":1.78,""ixca-cgsa"":1.79,""ixca-hyda"":3.49,""ixca-idra"":2.25,""ixca-naga"":0.77,""ixca-tirb"":0.28}",12.95,10.45,2.5
BOMH,NAGH,"{""boma-ixub"":3.63,""boma-naga"":7.58,""sguj-naga"":0.4}",11.61,9.27,2.34
VPIH,AMDH,"{""sguj-amda"":1.27,""sguj-ncrnonup"":3.76,""sguj-ncrup"":0.78,""sguj-pnpf"":0.09,""sguj-sjaia"":0.23}",6.13,3.8,2.33
BOMH,SNRH,"{""amda-snra"":0.22,""blraexnktk-ixub"":0.56,""blraexnktk-snra"":0.95,""boma-snra"":3.52,""cbea-ixub"":0.16,""coka-ixub"":0,""coka-snra"":0.1,""ixca-snra"":0.47,""jspa-snra"":0,""ncrnonup-ixub"":0.7,""ncrnonup-snra"":0.62,""ncrup-ixub"":0.95,""ncrup-snra"":0.44,""orsa-snra"":0.03,""pnpf-snra"":0}",8.72,6.5,2.22
SNRH,PNQH,"{""ixub-apda"":0.04,""ixub-blraexnktk"":0.46,""ixub-cbea"":0.48,""ixub-coka"":1.46,""ixub-goia"":0.02,""ixub-hyda"":0.15,""ixub-ixma"":0.5,""ixub-jaia"":0.01,""ixub-maaa"":0.63,""ixub-nktk"":0.12,""ixub-pnqa"":0.24,""ixub-tirb"":0,""snra-apda"":0.51,""snra-blraexnktk"":5.29,""snra-cbea"":0.27,""snra-ccua"":0.85,""snra-coka"":0.21,""snra-goia"":0.17,""snra-guaa"":0.46,""snra-hyda"":0.87,""snra-ixma"":0.22,""snra-jaia"":0.8,""snra-maaa"":2.01,""snra-naga"":0.09,""snra-nktk"":0,""snra-pnqa"":0.45,""snra-tirb"":0.03}",16.34,14.13,2.21
HYDH,BLRH,"{""cgsa-blraexnktk"":0.03,""cgsa-cbea"":0,""cgsa-coka"":0,""hyda-blraexnktk"":4.05,""hyda-cbea"":0.67,""hyda-coka"":0.86,""hyda-ixma"":0.43,""hyda-nktk"":0.49,""naga-blraexnktk"":1.05,""naga-cbea"":0.21,""naga-coka"":0.33,""naga-ixma"":0.3,""tirb-blraexnktk"":0.37,""tirb-cbea"":0.01,""tirb-nktk"":0.01}",8.81,6.68,2.13
DELH,JAIH,"{""apda-jaia"":0.04,""ccua-jaia"":1.26,""eastukna-jaia"":0.39,""eastup-jaia"":0.63,""guaa-jaia"":0,""hyda-jaia"":0.5,""ixca-jaia"":1.73,""jspa-jaia"":0.02,""ncrnonup-jaia"":8.09,""ncrup-jaia"":0.84,""orsa-jaia"":0.02,""path-jaia"":0,""pnpf-jaia"":0,""tirb-jaia"":0.05,""westup-jaia"":0.13}",13.7,11.58,2.12
MAAH,VZAH,"{""maaa-apda"":2.54,""maaa-ccua"":4.28,""maaa-guaa"":0.64,""maaa-jspa"":1.26,""maaa-orsa"":0.84,""maaa-path"":0.67}",10.23,8.12,2.11
DELH,SRAJH,"{""apda-sjaia"":0.04,""ccua-sjaia"":0.11,""eastukna-sjaia"":0.02,""eastup-sjaia"":0.4,""hyda-sjaia"":0.12,""ixca-sjaia"":0.48,""jspa-sjaia"":0,""ncrnonup-sjaia"":3.12,""ncrup-sjaia"":0.3,""orsa-sjaia"":0.01,""path-sjaia"":0,""pnpf-sjaia"":0.02,""westup-sjaia"":0.02}",4.64,2.6,2.04
VZAH,BLRH,"{""apda-blraexnktk"":3.08,""apda-cbea"":0.07,""apda-coka"":0.56,""apda-ixma"":0.09,""apda-nktk"":0.11,""jspa-blraexnktk"":0.28,""jspa-cbea"":0.09,""jspa-coka"":0.04,""jspa-ixma"":0.04,""orsa-blraexnktk"":0.09,""orsa-cbea"":0.01,""orsa-coka"":0.02,""orsa-ixma"":0.04,""orsa-nktk"":0,""path-blraexnktk"":0.1,""path-cbea"":0.01,""path-coka"":0.12,""path-ixma"":0.01,""path-nktk"":0}",4.76,2.75,2.01
DELH,BOMH,"{""eastukna-boma"":0.37,""ncrnonup-boma"":15.73,""ncrnonup-ixub"":0.7,""ncrnonup-snra"":0.62,""ncrup-boma"":6.92,""ncrup-ixub"":0.95,""ncrup-snra"":0.44,""pnpf-boma"":0.48,""pnpf-snra"":0}",26.21,24.26,1.95
GZBH,KNPH,"{""eastukna-apda"":0.02,""eastukna-blraexnktk"":1.26,""eastukna-cbea"":0.27,""eastukna-ccua"":0.25,""eastukna-cgsa"":0.07,""eastukna-coka"":0,""eastukna-eastup"":0.2,""eastukna-guaa"":0.07,""eastukna-hyda"":0.16,""eastukna-idra"":0.19,""eastukna-ixma"":0.05,""eastukna-jspa"":0.02,""eastukna-maaa"":0.53,""eastukna-naga"":0.02,""eastukna-orsa"":0.37,""eastukna-path"":0.06,""ncrup-ccua"":4.29,""ncrup-eastup"":5.76,""ncrup-guaa"":0.81,""ncrup-idra"":2.25,""ncrup-jspa"":0.46,""ncrup-orsa"":1.18,""ncrup-path"":1.03}",19.32,17.43,1.89
DELH,HYDH,"{""jaia-apda"":0.04,""jaia-hyda"":0.54,""jaia-tirb"":0.11,""ncrnonup-apda"":4.19,""ncrnonup-hyda"":11.43,""ncrnonup-tirb"":0.59,""ncrup-apda"":1.16,""ncrup-hyda"":2.8,""ncrup-tirb"":0.09,""pnpf-apda"":0.04,""pnpf-hyda"":0.11,""sjaia-apda"":0.11,""sjaia-hyda"":0.15,""sjaia-tirb"":0.04}",21.4,19.52,1.88
PNQH,IDRH,"{""goia-eastukna"":0.01,""goia-eastup"":0.5,""goia-idra"":0.17,""goia-path"":0.26,""goia-westup"":0.03,""nktk-idra"":0.06,""pnqa-eastukna"":0.76,""pnqa-eastup"":2.93,""pnqa-idra"":6.38,""pnqa-path"":0.54,""pnqa-westup"":0.88}",12.52,10.69,1.83
IDRH,BOMH,"{""eastup-boma"":0.94,""eastup-sguj"":0.35,""guaa-boma"":0.05,""idra-boma"":0.92,""idra-ccua"":0.41,""idra-guaa"":0.04,""idra-sguj"":0.75,""path-boma"":0.21,""path-sguj"":0.01,""westup-boma"":2.43,""westup-sguj"":0.16}",6.27,4.48,1.79
BLRH,AMDH,"{""blraexnktk-amda"":7.46,""blraexnktk-sjaia"":0.38,""cbea-amda"":3.97,""cbea-sjaia"":0.08,""coka-amda"":0.27,""coka-sjaia"":0.01,""ixma-amda"":0.02,""maaa-sjaia"":0.71}",12.9,11.12,1.78
IDRH,HYDH,"{""amda-apda"":1.15,""amda-hyda"":3.59,""amda-tirb"":0.12,""eastukna-apda"":0.02,""eastukna-hyda"":0.16,""eastup-apda"":0.11,""eastup-hyda"":0.29,""eastup-tirb"":0.05,""idra-apda"":0.2,""idra-hyda"":0.29,""idra-tirb"":0.01,""ixca-apda"":1.78,""ixca-hyda"":3.49,""ixca-tirb"":0.28,""westup-apda"":0.17,""westup-hyda"":0.9,""westup-tirb"":0}",12.61,10.95,1.66
GZBH,AMCH,"{""eastukna-ixca"":0.43,""ncrup-ixca"":5.21,""westup-ixca"":0.31}",5.95,4.3,1.65
BOMH,MAAH,"{""boma-maaa"":12.62,""sguj-maaa"":3.03}",15.65,14,1.65
AMCH,DEDH,"{""amda-ixca"":0.89,""apda-ixca"":0.43,""blraexnktk-ixca"":1.08,""boma-ixca"":1.64,""ccua-ixca"":0.31,""coka-ixca"":0.27,""eastukna-ixca"":0.13,""eastup-ixca"":0.19,""goia-ixca"":0.46,""hyda-ixca"":1.71,""idra-ixca"":0.03,""ixca-ixca"":0.64,""ixub-ixca"":0,""jaia-ixca"":0.12,""maaa-ixca"":1.58,""naga-ixca"":0.1,""ncrnonup-ixca"":1.93,""ncrup-ixca"":0.86,""orsa-ixca"":0.01,""pnpf-ixca"":0.27,""pnqa-ixca"":2.04,""sguj-ixca"":0.33,""sjaia-ixca"":0,""snra-ixca"":0.25,""westup-ixca"":0.02}",15.29,13.66,1.63
VZAH,BBIH,"{""apda-jspa"":0.21,""apda-orsa"":0.14,""apda-path"":0.07,""blraexnktk-jspa"":0.91,""blraexnktk-orsa"":1.39,""blraexnktk-path"":0.57,""cbea-jspa"":1.84,""cbea-orsa"":0.29,""cbea-path"":0.04,""coka-jspa"":0,""coka-orsa"":0.14,""coka-path"":0.07,""hyda-jspa"":1.08,""hyda-orsa"":0.55,""hyda-path"":0.43,""ixma-jspa"":0.01,""ixma-orsa"":0,""ixma-path"":0,""maaa-jspa"":1.26,""maaa-orsa"":0.84,""maaa-path"":0.67,""nktk-jspa"":0.01,""nktk-orsa"":0.14,""tirb-orsa"":0,""tirb-path"":0}",10.66,9.1,1.56
AMCH,BLRH,"{""ixca-blraexnktk"":11.11,""ixca-cbea"":0.69,""ixca-coka"":2.1,""ixca-ixma"":1.68}",15.58,14.02,1.56
KNPH,CCUH,"{""eastukna-ccua"":0.25,""eastukna-guaa"":0.07,""eastup-ccua"":0.28,""eastup-guaa"":0.09,""ixca-ccua"":6.88,""ixca-guaa"":1.49,""ncrup-ccua"":4.29,""ncrup-guaa"":0.81,""westup-ccua"":1.32,""westup-guaa"":0.03}",15.51,13.95,1.56
MAAH,IDRH,"{""maaa-amda"":6.62,""maaa-cgsa"":2.11,""maaa-idra"":2.83,""maaa-naga"":0.84}",12.4,10.85,1.55
CCUH,BOMH,"{""ccua-boma"":4.34,""ccua-idra"":1.13,""ccua-sguj"":0.53}",6,4.45,1.55
KNPH,GZBH,"{""amda-eastukna"":0.39,""apda-eastukna"":0.24,""blraexnktk-eastukna"":0.42,""boma-eastukna"":0.31,""ccua-eastukna"":0.01,""ccua-ncrup"":1.17,""coka-eastukna"":0.01,""eastup-eastukna"":0.28,""eastup-ncrup"":1.5,""goia-eastukna"":0.01,""guaa-ncrup"":0.08,""hyda-eastukna"":0.07,""ixub-eastukna"":0.02,""jspa-eastukna"":0.29,""jspa-ncrup"":0.02,""naga-eastukna"":0.03,""orsa-eastukna"":0.12,""orsa-ncrup"":0.21,""path-ncrup"":0.11,""pnqa-eastukna"":0.76,""sguj-eastukna"":0.19,""snra-eastukna"":0.09}",6.33,4.78,1.55
BBIH,BRGH,"{""apda-jspa"":0.21,""apda-path"":0.07,""blraexnktk-jspa"":0.91,""blraexnktk-path"":0.57,""cbea-jspa"":1.84,""cbea-path"":0.04,""coka-jspa"":0,""coka-path"":0.07,""hyda-jspa"":1.08,""hyda-path"":0.43,""ixma-jspa"":0.01,""ixma-path"":0,""maaa-jspa"":1.26,""maaa-path"":0.67,""nktk-jspa"":0.01,""orsa-eastukna"":0.12,""orsa-eastup"":0.03,""orsa-ixca"":0.03,""orsa-jaia"":0.02,""orsa-jspa"":0.08,""orsa-ncrnonup"":0.21,""orsa-ncrup"":0.21,""orsa-path"":0.2,""orsa-sjaia"":0.01,""tirb-path"":0}",8.08,6.53,1.55
AGRB,IDRH,"{""westup-amda"":0.38,""westup-apda"":0.17,""westup-blraexnktk"":3.48,""westup-boma"":2.43,""westup-cbea"":1.79,""westup-cgsa"":0.09,""westup-coka"":0.66,""westup-goia"":0.09,""westup-hyda"":0.9,""westup-idra"":0.18,""westup-ixma"":0.16,""westup-ixub"":0.05,""westup-maaa"":0.79,""westup-naga"":0.14,""westup-pnqa"":0.66,""westup-sguj"":0.16,""westup-snra"":0.06,""westup-tirb"":0}",12.19,10.65,1.54
CCUH,BRGH,"{""ccua-jspa"":2.68,""ccua-path"":4.19,""guaa-jspa"":0.08,""guaa-path"":0.28}",7.23,5.72,1.51
RPRH,BRGH,"{""amda-jspa"":0.57,""boma-jspa"":3.35,""cgsa-jspa"":0.12,""cgsa-path"":0.04,""goia-jspa"":0.33,""idra-jspa"":0.06,""ixub-jspa"":0.04,""ixub-path"":0.19,""naga-jspa"":0.05,""naga-path"":0.21,""pnqa-jspa"":4.04,""sguj-jspa"":0.76,""snra-jspa"":0.24}",10,8.51,1.49
HYDH,BOMH,"{""apda-boma"":3.95,""apda-sguj"":0.07,""hyda-boma"":3.05,""hyda-sguj"":0.66,""tirb-boma"":0.41,""tirb-sguj"":0.06}",8.2,6.75,1.45
GZBH,RDPH,"{""amda-eastukna"":0.39,""apda-eastukna"":0.24,""blraexnktk-eastukna"":0.42,""boma-eastukna"":0.31,""ccua-eastukna"":0.01,""coka-eastukna"":0.01,""eastup-eastukna"":0.28,""goia-eastukna"":0.01,""hyda-eastukna"":0.07,""ixca-eastukna"":0.5,""ixub-eastukna"":0.02,""jaia-eastukna"":0.05,""jspa-eastukna"":0.29,""maaa-eastukna"":0.51,""naga-eastukna"":0.03,""ncrnonup-eastukna"":1.08,""ncrup-eastukna"":0.51,""orsa-eastukna"":0.12,""pnpf-eastukna"":0.03,""pnqa-eastukna"":0.76,""sguj-eastukna"":0.19,""snra-eastukna"":0.09,""westup-eastukna"":0.07}",5.99,4.55,1.44
BLRH,VZAH,"{""blraexnktk-apda"":3.26,""blraexnktk-jspa"":0.91,""blraexnktk-orsa"":1.39,""blraexnktk-path"":0.57,""cbea-apda"":0.27,""cbea-jspa"":1.84,""cbea-orsa"":0.29,""cbea-path"":0.04,""coka-apda"":0.13,""coka-jspa"":0,""coka-orsa"":0.14,""coka-path"":0.07,""ixma-apda"":0.07,""ixma-jspa"":0.01,""ixma-orsa"":0,""ixma-path"":0,""nktk-apda"":0.18,""nktk-jspa"":0.01,""nktk-orsa"":0.14}",9.32,7.9,1.42
VZAH,HYDH,"{""apda-amda"":1.22,""apda-boma"":3.95,""apda-cgsa"":0.08,""apda-eastukna"":0.24,""apda-eastup"":0.16,""apda-goia"":0.04,""apda-hyda"":4.12,""apda-idra"":0.22,""apda-ixca"":2.25,""apda-ixub"":0.27,""apda-jaia"":0.04,""apda-naga"":0.16,""apda-ncrnonup"":1.5,""apda-ncrup"":0.12,""apda-pnpf"":0.01,""apda-pnqa"":0.48,""apda-sguj"":0.07,""apda-sjaia"":0.04,""apda-snra"":0.13,""apda-tirb"":0.22,""apda-westup"":0.01,""ccua-hyda"":1.6,""ccua-tirb"":0.07,""guaa-hyda"":0.05,""jspa-hyda"":0.14,""orsa-hyda"":0.09,""orsa-tirb"":0.01,""path-hyda"":0.16}",17.45,16.04,1.41
BLRH,IDRH,"{""blraexnktk-eastukna"":0.42,""blraexnktk-eastup"":3.67,""blraexnktk-idra"":2.55,""cbea-eastup"":3.3,""cbea-idra"":0.74,""coka-eastukna"":0.01,""coka-eastup"":0.32,""coka-idra"":0.64,""ixma-eastup"":0.06,""ixma-idra"":0.45}",12.16,10.76,1.4
PNQH,AMDH,"{""ccua-amda"":1.45,""goia-amda"":0.4,""goia-sjaia"":0.04,""nktk-amda"":0.1,""pnqa-amda"":10.84,""pnqa-sjaia"":1.59}",14.42,13.04,1.38
VPIH,PNQH,"{""sguj-apda"":0.43,""sguj-goia"":0.3,""sguj-hyda"":1.88,""sguj-nktk"":0.24,""sguj-pnqa"":1.43,""sguj-snra"":0.17,""sguj-tirb"":0.23}",4.68,3.37,1.31
NAGH,HYDH,"{""cgsa-apda"":0,""cgsa-blraexnktk"":0.03,""cgsa-cbea"":0,""cgsa-coka"":0,""cgsa-hyda"":0.03,""cgsa-tirb"":0.01,""naga-apda"":0.29,""naga-blraexnktk"":1.05,""naga-cbea"":0.21,""naga-coka"":0.33,""naga-hyda"":0.69,""naga-ixma"":0.3,""naga-maaa"":0.48,""naga-tirb"":0.07}",3.49,2.22,1.27
RPRH,BBIH,"{""amda-orsa"":0.75,""boma-orsa"":2.61,""cgsa-ccua"":0.07,""cgsa-orsa"":0.09,""goia-orsa"":0.53,""idra-orsa"":0.71,""ixub-orsa"":0.17,""naga-ccua"":1.3,""naga-guaa"":0.23,""naga-orsa"":0.27,""pnqa-orsa"":1.87,""sguj-orsa"":1.16,""snra-orsa"":0.33}",10.09,8.83,1.26
AMCH,BUPH,"{""amda-ixca"":0.17,""apda-ixca"":0.01,""blraexnktk-ixca"":1.51,""boma-ixca"":1.26,""cbea-ixca"":0.01,""ccua-ixca"":0.72,""coka-ixca"":0,""eastukna-ixca"":0.01,""eastup-ixca"":0.16,""goia-ixca"":0,""guaa-ixca"":0,""hyda-ixca"":0.11,""idra-ixca"":0.01,""ixca-ixca"":0.61,""ixma-ixca"":0.04,""ixub-ixca"":0.05,""jaia-ixca"":0.17,""jspa-ixca"":0,""maaa-ixca"":1.15,""naga-ixca"":0.12,""ncrnonup-ixca"":1.42,""ncrup-ixca"":0.58,""orsa-ixca"":0,""path-ixca"":0.02,""pnpf-ixca"":0.01,""pnqa-ixca"":1.41,""sguj-ixca"":0.27,""sjaia-ixca"":0.01,""snra-ixca"":0.09,""westup-ixca"":0.02}",9.94,8.73,1.21
BOMH,VPIH,"{""apda-sguj"":0.07,""boma-sguj"":3.53,""ccua-sguj"":0.53,""cgsa-sguj"":0,""eastup-sguj"":0.35,""hyda-sguj"":0.66,""idra-sguj"":0.75,""ixub-sguj"":0.11,""jspa-sguj"":0.02,""naga-sguj"":0.35,""orsa-sguj"":0.01,""path-sguj"":0.01,""snra-sguj"":0.02,""tirb-sguj"":0.06,""westup-sguj"":0.16}",6.63,5.45,1.18
BLRH,PNQH,"{""blraexnktk-pnqa"":5.51,""cbea-pnqa"":2.35,""coka-pnqa"":0.62,""ixma-pnqa"":0.07}",8.55,7.42,1.13
PNQH,BGMH,"{""amda-nktk"":2.24,""boma-nktk"":0.85,""eastup-nktk"":0,""idra-nktk"":0.24,""ixca-nktk"":0.34,""ixub-nktk"":0.12,""jaia-nktk"":0.01,""naga-nktk"":0.14,""ncrnonup-nktk"":0.43,""ncrup-nktk"":0.19,""pnpf-nktk"":0.25,""pnqa-nktk"":0.73,""sguj-nktk"":0.24,""snra-nktk"":0}",5.78,4.66,1.12
AMDH,SRAJH,"{""amda-sjaia"":0.31,""blraexnktk-sjaia"":0.38,""boma-sjaia"":1.26,""cbea-sjaia"":0.08,""cgsa-sjaia"":0,""coka-sjaia"":0.01,""goia-sjaia"":0.04,""idra-sjaia"":0.07,""ixub-sjaia"":0.06,""maaa-sjaia"":0.71,""pnqa-sjaia"":1.59,""sguj-sjaia"":0.23,""snra-sjaia"":0.35}",5.09,3.99,1.1
CCUH,VZAH,"{""ccua-apda"":0.61,""ccua-hyda"":1.6,""ccua-maaa"":2.3,""ccua-tirb"":0.07,""guaa-apda"":0,""guaa-hyda"":0.05,""guaa-maaa"":0.13}",4.76,3.7,1.06
BRGH,PATH,"{""apda-path"":0.07,""blraexnktk-path"":0.57,""cbea-path"":0.04,""ccua-path"":4.19,""cgsa-path"":0.04,""coka-path"":0.07,""guaa-path"":0.28,""hyda-path"":0.43,""ixma-path"":0,""ixub-path"":0.19,""jspa-path"":0.44,""maaa-path"":0.67,""naga-path"":0.21,""orsa-path"":0.2,""tirb-path"":0}",7.4,6.39,1.01
IDRH,BLRH,"{""eastukna-blraexnktk"":1.26,""eastukna-cbea"":0.27,""eastukna-coka"":0,""eastukna-ixma"":0.05,""eastup-blraexnktk"":0.42,""eastup-cbea"":0.24,""eastup-coka"":0.07,""eastup-ixma"":0.02,""idra-blraexnktk"":1.42,""idra-cbea"":0.77,""idra-coka"":0.08,""idra-ixma"":0.43,""westup-blraexnktk"":3.48,""westup-cbea"":1.79,""westup-coka"":0.66,""westup-ixma"":0.16}",11.12,10.11,1.01
PNQH,NAGH,"{""goia-naga"":0.12,""pnqa-naga"":3.64,""snra-naga"":0.09}",3.85,2.85,1
CCUH,DELH,"{""ccua-jaia"":1.26,""ccua-ncrnonup"":4.47,""ccua-pnpf"":0.06,""ccua-sjaia"":0.11}",5.9,4.91,0.99
AMDH,PNQH,"{""amda-ccua"":3.29,""amda-goia"":0.22,""amda-guaa"":0.38,""amda-nktk"":2.24,""amda-pnqa"":3.16,""sjaia-goia"":0.02,""sjaia-pnqa"":0.02}",9.33,8.42,0.91
MAAH,SXVF,"{""maaa-cbea"":2.74,""maaa-coka"":4.84,""maaa-ixma"":1.5,""tirb-ixma"":0}",9.08,8.27,0.81
BOMH,JAIH,"{""boma-jaia"":4.59}",4.59,3.78,0.81
JAIH,PNQH,"{""jaia-goia"":0.01,""jaia-ixub"":0.01,""jaia-nktk"":0.01,""jaia-pnqa"":1.53,""jaia-snra"":0.01}",1.57,0.77,0.8
BGMH,BLRH,"{""goia-blraexnktk"":0.77,""goia-cbea"":0.08,""goia-coka"":0.3,""goia-ixma"":0.15,""goia-maaa"":0.7,""nktk-apda"":0.18,""nktk-blraexnktk"":0.36,""nktk-cbea"":0.18,""nktk-coka"":0.17,""nktk-hyda"":0.02,""nktk-ixma"":0.03,""nktk-jspa"":0.01,""nktk-maaa"":0.04,""nktk-orsa"":0.14,""nktk-tirb"":0.02}",3.15,2.37,0.78
AMCH,LUHB,"{""amda-ixca"":0.98,""apda-ixca"":0.08,""blraexnktk-ixca"":1.87,""boma-ixca"":4.6,""cbea-ixca"":0.78,""ccua-ixca"":0.81,""cgsa-ixca"":0,""coka-ixca"":0.17,""eastukna-ixca"":0.12,""eastup-ixca"":0.93,""goia-ixca"":0.2,""guaa-ixca"":0.01,""hyda-ixca"":0.64,""idra-ixca"":0.37,""ixca-ixca"":2.82,""ixub-ixca"":0.63,""jaia-ixca"":0.24,""jspa-ixca"":0.15,""maaa-ixca"":2.71,""naga-ixca"":0.12,""ncrnonup-ixca"":7.43,""ncrup-ixca"":2.32,""nktk-ixca"":0,""path-ixca"":0.04,""pnpf-ixca"":0.02,""pnqa-ixca"":4.54,""sguj-ixca"":0.65,""snra-ixca"":0.35,""westup-ixca"":0.16}",33.74,32.98,0.76
SXVF,COKH,"{""ixma-coka"":0.31,""maaa-coka"":4.84}",5.15,4.39,0.76
IDRH,KNPH,"{""amda-eastukna"":0.39,""amda-eastup"":1.62,""amda-path"":0.76,""apda-eastukna"":0.24,""apda-eastup"":0.16,""blraexnktk-eastukna"":0.42,""blraexnktk-eastup"":3.67,""boma-eastukna"":0.31,""boma-eastup"":5.8,""boma-path"":1.8,""cbea-eastup"":3.3,""cgsa-eastup"":0.07,""coka-eastukna"":0.01,""coka-eastup"":0.32,""goia-eastukna"":0.01,""goia-eastup"":0.5,""goia-path"":0.26,""hyda-eastukna"":0.07,""hyda-eastup"":1.02,""idra-eastup"":0.24,""idra-path"":0.04,""ixma-eastup"":0.06,""ixub-eastukna"":0.02,""ixub-eastup"":0.66,""naga-eastukna"":0.03,""naga-eastup"":0.33,""pnqa-eastukna"":0.76,""pnqa-eastup"":2.93,""pnqa-path"":0.54,""sguj-eastukna"":0.19,""sguj-eastup"":2.37,""sguj-path"":0.67,""snra-eastukna"":0.09,""snra-eastup"":0.53,""snra-path"":0.2,""tirb-eastup"":0}",30.39,29.64,0.75
VZAH,MAAH,"{""apda-maaa"":0.96,""ccua-maaa"":2.3,""guaa-maaa"":0.13,""jspa-maaa"":0.27,""orsa-maaa"":0.09,""path-maaa"":0.11}",3.86,3.11,0.75
PNQH,VPIH,"{""goia-sguj"":0.17,""pnqa-sguj"":2.01}",2.18,1.48,0.7
IDRH,MAAH,"{""amda-maaa"":4.35,""cgsa-maaa"":0.16,""eastukna-maaa"":0.53,""eastup-maaa"":0.45,""idra-maaa"":0.61,""sjaia-maaa"":0.1,""westup-maaa"":0.79}",6.99,6.3,0.69
DELH,BRGH,"{""jaia-jspa"":0.26,""jaia-orsa"":0.2,""ncrnonup-jspa"":2.79,""ncrnonup-orsa"":3.38,""pnpf-jspa"":0.42,""pnpf-orsa"":0.17,""sjaia-jspa"":0.07}",7.29,6.6,0.69
IDRH,AGRB,"{""amda-westup"":0.37,""boma-westup"":1.73,""goia-westup"":0.03,""idra-westup"":0.01,""ixub-westup"":0.54,""naga-westup"":0.09,""pnqa-westup"":0.88,""sguj-westup"":0.36,""snra-westup"":0.18}",4.19,3.51,0.68
COKH,SXVF,"{""coka-ixma"":0.4,""coka-maaa"":0.94}",1.34,0.66,0.68
NAGH,BOMH,"{""ixub-boma"":0.44,""naga-boma"":1.69,""naga-sguj"":0.35}",2.48,1.8,0.68
DEDH,AMCH,"{""ixca-amda"":1.1,""ixca-apda"":0.26,""ixca-blraexnktk"":0.92,""ixca-boma"":1.64,""ixca-cbea"":0.54,""ixca-ccua"":1.21,""ixca-cgsa"":0.32,""ixca-coka"":0.76,""ixca-eastukna"":0.12,""ixca-eastup"":1.12,""ixca-goia"":0.27,""ixca-guaa"":1.06,""ixca-hyda"":0.96,""ixca-idra"":0.52,""ixca-ixca"":2.16,""ixca-ixma"":1.09,""ixca-ixub"":0.06,""ixca-jaia"":0.65,""ixca-jspa"":0.27,""ixca-maaa"":1.14,""ixca-naga"":0.1,""ixca-ncrnonup"":0.85,""ixca-ncrup"":0.36,""ixca-nktk"":0.06,""ixca-orsa"":0.28,""ixca-pnpf"":0.01,""ixca-pnqa"":0.49,""ixca-sguj"":0.32,""ixca-sjaia"":0.14,""ixca-snra"":0.15,""ixca-tirb"":0.12,""ixca-westup"":0.11}",19.16,18.51,0.65
SXVF,CJBH,"{""ixma-cbea"":0.33,""maaa-cbea"":2.74}",3.07,2.46,0.61
AMCH,GZBH,"{""ixca-eastukna"":0.5,""ixca-ncrup"":1.76,""ixca-westup"":0.5}",2.76,2.15,0.61
CCUH,BBIH,"{""ccua-cgsa"":0.79,""ccua-ixub"":0.11,""ccua-naga"":0.31,""ccua-orsa"":3.99,""guaa-cgsa"":0.12,""guaa-ixub"":0,""guaa-naga"":0.03,""guaa-orsa"":0.04}",5.39,4.8,0.59
AGRB,DELH,"{""westup-ncrnonup"":1.14}",1.14,0.59,0.55
PNQH,JAIH,"{""goia-jaia"":0.31,""ixub-jaia"":0.01,""pnqa-jaia"":2.11,""snra-jaia"":0.8}",3.23,2.68,0.55
COKH,BLRH,"{""coka-amda"":0.27,""coka-apda"":0.13,""coka-blraexnktk"":1.51,""coka-boma"":0.88,""coka-ccua"":0.14,""coka-cgsa"":0.02,""coka-eastukna"":0.01,""coka-eastup"":0.32,""coka-goia"":0.02,""coka-guaa"":0.05,""coka-hyda"":1.43,""coka-idra"":0.64,""coka-ixca"":0.61,""coka-ixub"":0,""coka-jaia"":0.39,""coka-jspa"":0,""coka-naga"":0.01,""coka-ncrnonup"":1.46,""coka-ncrup"":0.26,""coka-nktk"":0.03,""coka-orsa"":0.14,""coka-path"":0.07,""coka-pnpf"":0.01,""coka-pnqa"":0.62,""coka-sguj"":0.36,""coka-sjaia"":0.01,""coka-snra"":0.1,""coka-tirb"":0.1,""coka-westup"":0.08}",9.67,9.14,0.53
VPIH,AMCH,"{""sguj-ixca"":1.9}",1.9,1.39,0.51
BLRH,VPIH,"{""blraexnktk-sguj"":1.55,""cbea-sguj"":0.45,""coka-sguj"":0.36,""maaa-sguj"":1.6}",3.96,3.47,0.49
BLRH,CJBH,"{""amda-cbea"":1.54,""apda-cbea"":0.07,""blraexnktk-cbea"":3,""boma-cbea"":3.38,""ccua-cbea"":0.48,""cgsa-cbea"":0,""eastukna-cbea"":0.27,""eastup-cbea"":0.24,""goia-cbea"":0.08,""guaa-cbea"":0,""hyda-cbea"":0.67,""idra-cbea"":0.77,""ixca-cbea"":0.69,""ixub-cbea"":0.48,""jaia-cbea"":0.07,""jspa-cbea"":0.09,""naga-cbea"":0.21,""ncrnonup-cbea"":3.57,""ncrup-cbea"":0.65,""nktk-cbea"":0.18,""orsa-cbea"":0.01,""path-cbea"":0.01,""pnpf-cbea"":0.05,""pnqa-cbea"":3.8,""sguj-cbea"":0.73,""snra-cbea"":0.27,""tirb-cbea"":0.01,""westup-cbea"":1.79}",23.11,22.64,0.47
DELH,AGRB,"{""apda-westup"":0.01,""blraexnktk-westup"":1.3,""cbea-westup"":0,""coka-westup"":0.08,""hyda-westup"":0.17,""ixma-westup"":0.01,""jaia-westup"":0.01,""maaa-westup"":1.03,""ncrnonup-westup"":2.31,""pnpf-westup"":0.31,""sjaia-westup"":0.03}",5.26,4.8,0.46
PATH,BRGH,"{""path-apda"":0.14,""path-blraexnktk"":0.1,""path-cbea"":0.01,""path-ccua"":0.53,""path-cgsa"":0.2,""path-coka"":0.12,""path-guaa"":0.31,""path-hyda"":0.16,""path-ixma"":0.01,""path-jspa"":0.24,""path-maaa"":0.11,""path-naga"":0.02,""path-nktk"":0,""path-orsa"":0.11}",2.06,1.62,0.44
AMDH,JAIH,"{""amda-jaia"":1.86,""cgsa-jaia"":0.01,""idra-jaia"":0.24,""naga-jaia"":0.09,""naga-sjaia"":0}",2.2,1.77,0.43
SNRH,IDRH,"{""ixub-eastukna"":0.02,""ixub-eastup"":0.66,""ixub-idra"":0.26,""ixub-westup"":0.54,""snra-eastukna"":0.09,""snra-eastup"":0.53,""snra-idra"":0.41,""snra-path"":0.2,""snra-westup"":0.18}",2.89,2.46,0.43
GOIB,BGMH,"{""goia-blraexnktk"":0.77,""goia-cbea"":0.08,""goia-coka"":0.3,""goia-ixma"":0.15,""goia-maaa"":0.7,""goia-nktk"":0.02}",2.02,1.59,0.43
AMDH,BLRH,"{""amda-blraexnktk"":7.59,""amda-cbea"":1.54,""amda-coka"":0.85,""amda-ixma"":0.96,""sjaia-blraexnktk"":0.13,""sjaia-coka"":0.01,""sjaia-ixma"":0.01}",11.09,10.67,0.42
SXVF,BLRH,"{""ixma-amda"":0.02,""ixma-apda"":0.07,""ixma-blraexnktk"":0.5,""ixma-boma"":0.09,""ixma-ccua"":0.17,""ixma-eastup"":0.06,""ixma-goia"":0.01,""ixma-guaa"":0,""ixma-hyda"":0.16,""ixma-idra"":0.45,""ixma-ixca"":0.04,""ixma-jaia"":0.03,""ixma-jspa"":0.01,""ixma-naga"":0.05,""ixma-ncrnonup"":0.38,""ixma-ncrup"":0.16,""ixma-nktk"":0.02,""ixma-orsa"":0,""ixma-path"":0,""ixma-pnqa"":0.07,""ixma-westup"":0.01}",2.3,1.88,0.42
AMCH,VPIH,"{""ixca-sguj"":1.8}",1.8,1.42,0.38
CCUH,BLRH,"{""ccua-blraexnktk"":3.37,""ccua-cbea"":0.48,""ccua-coka"":1.12,""ccua-ixma"":0.33,""ccua-nktk"":0.01,""guaa-blraexnktk"":0.03,""guaa-cbea"":0,""guaa-coka"":0.01,""guaa-ixma"":0}",5.35,4.98,0.37
VPIH,JAIH,"{""sguj-jaia"":0.72}",0.72,0.36,0.36
DELH,KNPH,"{""ixca-path"":0.42,""jaia-eastup"":0.67,""jaia-path"":0.42,""maaa-eastup"":2.41,""ncrnonup-eastup"":10.05,""ncrnonup-path"":3.97,""pnpf-eastup"":1.37,""pnpf-path"":0.25,""sjaia-eastup"":0.01}",19.57,19.21,0.36
MAAH,HYDH,"{""maaa-hyda"":7.53,""maaa-tirb"":0.54}",8.07,7.72,0.35
BLRH,BGMH,"{""apda-nktk"":0.11,""blraexnktk-goia"":0.51,""blraexnktk-nktk"":2.58,""cbea-goia"":0,""cbea-nktk"":0.32,""ccua-nktk"":0.01,""coka-goia"":0.02,""coka-nktk"":0.03,""hyda-nktk"":0.49,""ixma-goia"":0.01,""ixma-nktk"":0.02,""maaa-goia"":1.38,""maaa-nktk"":0.66,""orsa-nktk"":0,""path-nktk"":0,""tirb-nktk"":0.01}",6.15,5.81,0.34
BRGH,KNPH,"{""jspa-eastukna"":0.29,""jspa-eastup"":0.12,""jspa-ixca"":0.24,""jspa-ncrup"":0.02,""jspa-westup"":0,""orsa-eastukna"":0.12,""orsa-eastup"":0.03,""orsa-ixca"":0.03,""orsa-ncrup"":0.21}",1.06,0.72,0.34
DELH,VPIH,"{""eastukna-sguj"":0.02,""ncrnonup-sguj"":2.06,""ncrup-sguj"":0.45,""pnpf-sguj"":0.17}",2.7,2.37,0.33
BRGH,CCUH,"{""jspa-ccua"":0.36,""jspa-guaa"":0.34,""path-ccua"":0.53,""path-guaa"":0.31}",1.54,1.23,0.31
KNPH,BRGH,"{""eastukna-jspa"":0.02,""eastukna-orsa"":0.37,""eastup-jspa"":0.42,""eastup-orsa"":0.23,""ixca-jspa"":0.96,""ixca-orsa"":1.31,""ncrup-jspa"":0.46,""ncrup-orsa"":1.18,""westup-jspa"":0.2,""westup-orsa"":0.09}",5.24,4.95,0.29
AMDH,VPIH,"{""amda-sguj"":1.59,""jaia-sguj"":0.06}",1.65,1.37,0.28
SNRH,BOMH,"{""snra-amda"":0.33,""snra-boma"":0.93,""snra-cgsa"":0.29,""snra-jspa"":0.24,""snra-orsa"":0.33,""snra-sguj"":0.02,""snra-sjaia"":0.35}",2.49,2.22,0.27
KNPH,AMCH,"{""ccua-ixca"":2.35,""eastup-ixca"":1.74,""guaa-ixca"":0.03,""jspa-ixca"":0.24,""orsa-ixca"":0.03,""path-ixca"":0.07}",4.46,4.19,0.27
PNQH,CCUH,"{""amda-ccua"":3.29,""amda-guaa"":0.38,""goia-ccua"":0.6,""goia-guaa"":0.2,""ixub-ccua"":0.01,""ixub-guaa"":0.01,""nktk-ccua"":0.56,""pnqa-ccua"":8.67,""pnqa-guaa"":1.18,""snra-ccua"":0.85,""snra-guaa"":0.46}",16.21,15.96,0.25
BLRH,HYDH,"{""blraexnktk-cgsa"":0.64,""blraexnktk-hyda"":8.71,""blraexnktk-naga"":0.67,""blraexnktk-tirb"":0.6,""cbea-cgsa"":0.16,""cbea-hyda"":0.86,""cbea-naga"":0.1,""cbea-tirb"":0.03,""coka-cgsa"":0.02,""coka-hyda"":1.43,""coka-naga"":0.01,""coka-tirb"":0.1,""ixma-hyda"":0.16,""ixma-naga"":0.05,""nktk-hyda"":0.02,""nktk-tirb"":0.02}",13.58,13.37,0.21
SNRH,DELH,"{""ixub-ncrnonup"":0.18,""ixub-ncrup"":0.22,""snra-ixca"":1.08,""snra-ncrnonup"":1.31,""snra-ncrup"":0.58}",3.37,3.17,0.2
KNPH,DELH,"{""eastup-jaia"":0.63,""eastup-ncrnonup"":2.39,""eastup-pnpf"":0.04,""eastup-sjaia"":0.4,""guaa-jaia"":0,""guaa-ncrnonup"":0.3,""path-ixca"":0,""path-jaia"":0,""path-ncrnonup"":0.2,""path-sjaia"":0,""westup-jaia"":0.13,""westup-sjaia"":0.02}",4.11,3.91,0.2
GAUB,CCUH,"{""guaa-apda"":0,""guaa-blraexnktk"":0.03,""guaa-cbea"":0,""guaa-ccua"":0.6,""guaa-cgsa"":0.12,""guaa-coka"":0.01,""guaa-hyda"":0.05,""guaa-ixma"":0,""guaa-ixub"":0,""guaa-jspa"":0.08,""guaa-maaa"":0.13,""guaa-naga"":0.03,""guaa-orsa"":0.04,""guaa-path"":0.28}",1.37,1.18,0.19
SRAJH,AMDH,"{""sjaia-amda"":0.01,""sjaia-blraexnktk"":0.13,""sjaia-boma"":0.15,""sjaia-coka"":0.01,""sjaia-goia"":0.02,""sjaia-idra"":0.05,""sjaia-ixma"":0.01,""sjaia-ixub"":0,""sjaia-maaa"":0.1,""sjaia-pnqa"":0.02}",0.5,0.31,0.19
BBIH,CCUH,"{""cgsa-ccua"":0.07,""naga-ccua"":1.3,""naga-guaa"":0.23,""orsa-ccua"":0.44,""orsa-guaa"":0.24}",2.28,2.11,0.17
AMCH,BOMH,"{""ixca-boma"":6.11,""ixca-goia"":0.72,""ixca-ixub"":0.27,""ixca-nktk"":0.34,""ixca-pnqa"":3.91,""ixca-snra"":0.47}",11.82,11.66,0.16
BGMH,PNQH,"{""nktk-amda"":0.1,""nktk-boma"":0.03,""nktk-ccua"":0.56,""nktk-cgsa"":0.01,""nktk-idra"":0.06,""nktk-ixca"":0.06,""nktk-ncrnonup"":0.44,""nktk-ncrup"":0.02,""nktk-pnqa"":0.46,""nktk-snra"":0}",1.74,1.6,0.14
SRAJH,DELH,"{""sjaia-apda"":0.11,""sjaia-ccua"":0.02,""sjaia-eastup"":0.01,""sjaia-hyda"":0.15,""sjaia-ixca"":0.02,""sjaia-jspa"":0.07,""sjaia-ncrnonup"":0.19,""sjaia-ncrup"":0.07,""sjaia-pnpf"":0,""sjaia-tirb"":0.04,""sjaia-westup"":0.03}",0.71,0.59,0.12
HYDH,HYDH,"{""hyda-tirb"":1.39,""tirb-hyda"":0.43}",1.82,1.71,0.11
GZBH,AGRB,"{""eastukna-westup"":0.01,""ixca-westup"":0.5,""ncrup-westup"":1.68}",2.19,2.08,0.11
AMDH,BOMH,"{""amda-boma"":4.59,""amda-ixub"":0.83,""amda-snra"":0.22,""jaia-boma"":1.39,""sjaia-boma"":0.15,""sjaia-ixub"":0}",7.18,7.08,0.1
NAGH,NAGH,"{""ixub-naga"":0.05,""naga-ixub"":0.33}",0.38,0.29,0.09
VZAH,CCUH,"{""apda-ccua"":0.54,""apda-guaa"":0.12,""hyda-ccua"":2.34,""hyda-guaa"":0.35,""maaa-ccua"":4.28,""maaa-guaa"":0.64,""tirb-ccua"":0.03,""tirb-guaa"":0}",8.3,8.21,0.09
SRAJH,JAIH,"{""sjaia-jaia"":0.32}",0.32,0.25,0.07
AGRB,GZBH,"{""westup-eastukna"":0.07,""westup-ixca"":0.31,""westup-ncrup"":0.57}",0.95,0.9,0.05
CJBH,COKH,"{""cbea-coka"":0.13}",0.13,0.09,0.04
BBIH,VZAH,"{""jspa-apda"":0.07,""jspa-blraexnktk"":0.28,""jspa-cbea"":0.09,""jspa-coka"":0.04,""jspa-hyda"":0.14,""jspa-ixma"":0.04,""jspa-maaa"":0.27,""orsa-apda"":0.04,""orsa-blraexnktk"":0.09,""orsa-cbea"":0.01,""orsa-coka"":0.02,""orsa-hyda"":0.09,""orsa-ixma"":0.04,""orsa-maaa"":0.09,""orsa-nktk"":0,""orsa-tirb"":0.01,""path-apda"":0.14,""path-blraexnktk"":0.1,""path-cbea"":0.01,""path-coka"":0.12,""path-hyda"":0.16,""path-ixma"":0.01,""path-maaa"":0.11,""path-nktk"":0}",1.97,2,-0.03
BOMH,AMDH,"{""boma-amda"":12.88,""boma-sjaia"":1.26,""ixub-amda"":0.07,""ixub-sjaia"":0.06,""snra-amda"":0.33,""snra-sjaia"":0.35}",14.95,14.98,-0.03
SNRH,NAGH,"{""ixub-snra"":0,""snra-ixub"":0.06}",0.06,0.1,-0.04
AGRB,KNPH,"{""westup-ccua"":1.32,""westup-eastup"":0.48,""westup-guaa"":0.03,""westup-jspa"":0.2,""westup-orsa"":0.09,""westup-path"":0.21}",2.33,2.38,-0.05
IDRH,SNRH,"{""eastup-ixub"":0.15,""eastup-snra"":0.01,""idra-snra"":0.01,""westup-ixub"":0.05,""westup-snra"":0.06}",0.28,0.33,-0.05
BRGH,DELH,"{""jspa-ixca"":0.01,""jspa-jaia"":0.02,""jspa-ncrnonup"":0.35,""jspa-sjaia"":0,""orsa-jaia"":0.02,""orsa-ncrnonup"":0.21,""orsa-sjaia"":0.01}",0.62,0.69,-0.07
KNPH,AGRB,"{""ccua-westup"":0.28,""eastup-westup"":1.76,""jspa-westup"":0,""path-westup"":0}",2.04,2.15,-0.11
HYDH,MAAH,"{""hyda-maaa"":2.55,""naga-maaa"":0.48,""tirb-maaa"":0.12}",3.15,3.27,-0.12
COKH,CJBH,"{""coka-cbea"":0.17}",0.17,0.31,-0.14
DELH,NAGH,"{""ncrnonup-cgsa"":2.43,""ncrnonup-naga"":1.83,""ncrup-cgsa"":1.04,""ncrup-naga"":0.63,""pnpf-cgsa"":0.03,""pnpf-naga"":0.1}",6.06,6.2,-0.14
AMCH,OIXH,"{""amda-ixca"":0.05,""apda-ixca"":0.01,""blraexnktk-ixca"":0.37,""boma-ixca"":1.3,""ccua-ixca"":0.05,""cgsa-ixca"":0,""coka-ixca"":0.05,""eastup-ixca"":0.15,""goia-ixca"":0.12,""hyda-ixca"":0.79,""idra-ixca"":0.03,""ixca-ixca"":0.22,""ixub-ixca"":0.01,""jaia-ixca"":0,""jspa-ixca"":0,""maaa-ixca"":0.63,""naga-ixca"":0.02,""ncrnonup-ixca"":1.82,""ncrup-ixca"":0.38,""pnpf-ixca"":0.03,""pnqa-ixca"":0.26,""sguj-ixca"":0.09,""snra-ixca"":0.04,""westup-ixca"":0}",6.42,6.57,-0.15
GAUB,KNPH,"{""guaa-amda"":0.05,""guaa-boma"":0.05,""guaa-eastup"":0.09,""guaa-idra"":0.1,""guaa-ixca"":0.03,""guaa-jaia"":0,""guaa-ncrnonup"":0.3,""guaa-ncrup"":0.08,""guaa-pnqa"":0.03}",0.73,0.89,-0.16
BLRH,SXVF,"{""amda-ixma"":0.96,""apda-ixma"":0.09,""blraexnktk-ixma"":1.33,""boma-ixma"":1.19,""ccua-ixma"":0.33,""eastukna-ixma"":0.05,""eastup-ixma"":0.02,""goia-ixma"":0.15,""guaa-ixma"":0,""hyda-ixma"":0.43,""idra-ixma"":0.43,""ixca-ixma"":1.68,""ixub-ixma"":0.5,""jspa-ixma"":0.04,""naga-ixma"":0.3,""ncrnonup-ixma"":1.19,""ncrup-ixma"":0.28,""nktk-ixma"":0.03,""orsa-ixma"":0.04,""path-ixma"":0.01,""pnpf-ixma"":0.11,""pnqa-ixma"":1.13,""sguj-ixma"":0.49,""sjaia-ixma"":0.01,""snra-ixma"":0.22,""westup-ixma"":0.16}",11.17,11.33,-0.16
DELH,IDRH,"{""ncrnonup-idra"":6.08,""pnpf-idra"":0.33}",6.41,6.6,-0.19
JAIH,SRAJH,"{""jaia-sjaia"":0.68}",0.68,0.87,-0.19
HYDH,PNQH,"{""apda-goia"":0.04,""apda-ixub"":0.27,""apda-pnqa"":0.48,""apda-snra"":0.13,""hyda-goia"":0.4,""hyda-ixub"":0.1,""hyda-pnqa"":1.01,""hyda-snra"":0.05,""tirb-goia"":0.09,""tirb-ixub"":0.01,""tirb-pnqa"":0.21}",2.79,2.98,-0.19
PATH,KNPH,"{""path-amda"":0.06,""path-boma"":0.21,""path-eastup"":0.08,""path-goia"":0,""path-idra"":0.04,""path-ixca"":0.07,""path-jaia"":0,""path-ncrnonup"":0.2,""path-ncrup"":0.11,""path-pnqa"":0.04,""path-sguj"":0.01,""path-sjaia"":0,""path-westup"":0}",0.82,1.02,-0.2
NAGH,PNQH,"{""naga-goia"":0.02,""naga-nktk"":0.14,""naga-pnqa"":0.62,""naga-snra"":0.13}",0.91,1.16,-0.25
DELH,PNQH,"{""eastukna-pnqa"":0.22,""ncrnonup-goia"":0.7,""ncrnonup-nktk"":0.43,""ncrnonup-pnqa"":10.21,""ncrup-goia"":0.14,""ncrup-nktk"":0.19,""ncrup-pnqa"":3.32,""pnpf-goia"":0.05,""pnpf-nktk"":0.25,""pnpf-pnqa"":0.16}",15.67,15.94,-0.27
BRGH,RPRH,"{""jspa-amda"":0.06,""jspa-boma"":0.25,""jspa-cgsa"":0.17,""jspa-idra"":0.03,""jspa-ixub"":0.7,""jspa-naga"":0.01,""jspa-pnqa"":0.37,""jspa-sguj"":0.02,""jspa-snra"":0,""path-cgsa"":0.2,""path-naga"":0.02}",1.83,2.1,-0.27
BRGH,BBIH,"{""eastukna-orsa"":0.37,""eastup-orsa"":0.23,""ixca-orsa"":1.31,""jaia-orsa"":0.2,""jspa-apda"":0.07,""jspa-blraexnktk"":0.28,""jspa-cbea"":0.09,""jspa-coka"":0.04,""jspa-hyda"":0.14,""jspa-ixma"":0.04,""jspa-maaa"":0.27,""jspa-orsa"":0.21,""ncrnonup-orsa"":3.38,""ncrup-orsa"":1.18,""path-apda"":0.14,""path-blraexnktk"":0.1,""path-cbea"":0.01,""path-coka"":0.12,""path-hyda"":0.16,""path-ixma"":0.01,""path-maaa"":0.11,""path-nktk"":0,""path-orsa"":0.11,""pnpf-orsa"":0.17,""westup-orsa"":0.09}",8.83,9.14,-0.31
KNPH,IDRH,"{""eastukna-apda"":0.02,""eastukna-blraexnktk"":1.26,""eastukna-cbea"":0.27,""eastukna-cgsa"":0.07,""eastukna-coka"":0,""eastukna-hyda"":0.16,""eastukna-idra"":0.19,""eastukna-ixma"":0.05,""eastukna-maaa"":0.53,""eastukna-naga"":0.02,""eastup-amda"":0.37,""eastup-apda"":0.11,""eastup-blraexnktk"":0.42,""eastup-boma"":0.94,""eastup-cbea"":0.24,""eastup-cgsa"":0.08,""eastup-coka"":0.07,""eastup-goia"":0.03,""eastup-hyda"":0.29,""eastup-idra"":0.66,""eastup-ixma"":0.02,""eastup-ixub"":0.15,""eastup-maaa"":0.45,""eastup-naga"":0.13,""eastup-nktk"":0,""eastup-pnqa"":0.13,""eastup-sguj"":0.35,""eastup-snra"":0.01,""eastup-tirb"":0.05,""guaa-amda"":0.05,""guaa-boma"":0.05,""guaa-idra"":0.1,""guaa-pnqa"":0.03,""ncrup-idra"":2.25,""path-amda"":0.06,""path-boma"":0.21,""path-goia"":0,""path-idra"":0.04,""path-pnqa"":0.04,""path-sguj"":0.01}",9.91,10.25,-0.34
CCUH,PNQH,"{""ccua-amda"":1.45,""ccua-goia"":0.18,""ccua-pnqa"":1.15,""ccua-snra"":0.17}",2.95,3.29,-0.34
BGMH,GOIB,"{""blraexnktk-goia"":0.51,""cbea-goia"":0,""coka-goia"":0.02,""ixma-goia"":0.01,""maaa-goia"":1.38,""nktk-goia"":0.1}",2.02,2.37,-0.35
HYDH,IDRH,"{""apda-amda"":1.22,""apda-eastukna"":0.24,""apda-eastup"":0.16,""apda-idra"":0.22,""hyda-amda"":1.58,""hyda-eastukna"":0.07,""hyda-eastup"":1.02,""hyda-idra"":2.91,""tirb-amda"":0.16,""tirb-eastup"":0,""tirb-idra"":0.02}",7.6,7.95,-0.35
DELH,GZBH,"{""jaia-eastukna"":0.05,""maaa-eastukna"":0.51,""ncrnonup-eastukna"":1.08,""ncrnonup-ncrup"":3.88,""pnpf-eastukna"":0.03,""pnpf-ncrup"":0.38}",5.93,6.28,-0.35
JAIH,AMCH,"{""jaia-ixca"":0.68}",0.68,1.05,-0.37
RPRH,BOMH,"{""cgsa-boma"":0.33,""cgsa-goia"":0,""cgsa-pnqa"":0.09,""cgsa-sguj"":0,""jspa-boma"":0.25,""jspa-ixub"":0.7,""jspa-pnqa"":0.37,""jspa-sguj"":0.02,""jspa-snra"":0,""orsa-boma"":0.19,""orsa-goia"":0.01,""orsa-pnqa"":0.01,""orsa-sguj"":0.01,""orsa-snra"":0.03}",2.01,2.39,-0.38
PNQH,MAAH,"{""ixub-maaa"":0.63,""pnqa-maaa"":12.38,""snra-maaa"":2.01}",15.02,15.46,-0.44
JAIH,AMDH,"{""jaia-amda"":0.29,""jaia-boma"":1.39,""jaia-cgsa"":0.09,""jaia-idra"":0.34,""jaia-naga"":0.05,""jaia-sguj"":0.06}",2.22,2.69,-0.47
BBIH,RPRH,"{""ccua-cgsa"":0.79,""ccua-ixub"":0.11,""ccua-naga"":0.31,""guaa-cgsa"":0.12,""guaa-ixub"":0,""guaa-naga"":0.03,""orsa-amda"":0.09,""orsa-boma"":0.19,""orsa-cgsa"":0.33,""orsa-goia"":0.01,""orsa-idra"":0.12,""orsa-naga"":0.02,""orsa-pnqa"":0.01,""orsa-sguj"":0.01,""orsa-snra"":0.03}",2.17,2.69,-0.52
BUPH,AMCH,"{""ixca-amda"":0.12,""ixca-apda"":0.1,""ixca-blraexnktk"":0.22,""ixca-boma"":0.56,""ixca-cbea"":0,""ixca-ccua"":0.13,""ixca-coka"":0.03,""ixca-eastukna"":0,""ixca-eastup"":0.14,""ixca-goia"":0.03,""ixca-guaa"":0.02,""ixca-hyda"":0.12,""ixca-idra"":0.15,""ixca-ixca"":0.55,""ixca-ixma"":0.01,""ixca-ixub"":0.01,""ixca-jaia"":0.1,""ixca-jspa"":0,""ixca-maaa"":0.15,""ixca-naga"":0.03,""ixca-ncrnonup"":0.79,""ixca-ncrup"":0.25,""ixca-nktk"":0,""ixca-orsa"":0,""ixca-path"":0,""ixca-pnpf"":0,""ixca-pnqa"":0.05,""ixca-sguj"":0.01,""ixca-sjaia"":0.02,""ixca-snra"":0.01,""ixca-tirb"":0.02,""ixca-westup"":0.04}",3.66,4.19,-0.53
CCUH,KNPH,"{""ccua-eastukna"":0.01,""ccua-eastup"":1,""ccua-ixca"":2.35,""ccua-ncrup"":1.17,""ccua-westup"":0.28}",4.81,5.36,-0.55
MAAH,DELH,"{""maaa-eastukna"":0.51,""maaa-eastup"":2.41,""maaa-ixca"":11.9,""maaa-ncrnonup"":14.52,""maaa-ncrup"":4.55,""maaa-pnpf"":0.19,""maaa-westup"":1.03}",35.11,35.67,-0.56
IDRH,PNQH,"{""eastup-goia"":0.03,""eastup-nktk"":0,""eastup-pnqa"":0.13,""guaa-pnqa"":0.03,""idra-goia"":0.23,""idra-nktk"":0.24,""idra-pnqa"":0.96,""path-goia"":0,""path-pnqa"":0.04,""westup-goia"":0.09,""westup-pnqa"":0.66}",2.41,3,-0.59
RDPH,GZBH,"{""eastukna-amda"":0.42,""eastukna-apda"":0.02,""eastukna-blraexnktk"":1.26,""eastukna-boma"":0.37,""eastukna-cbea"":0.27,""eastukna-ccua"":0.25,""eastukna-cgsa"":0.07,""eastukna-coka"":0,""eastukna-eastup"":0.2,""eastukna-guaa"":0.07,""eastukna-hyda"":0.16,""eastukna-idra"":0.19,""eastukna-ixca"":0.43,""eastukna-ixma"":0.05,""eastukna-jaia"":0.39,""eastukna-jspa"":0.02,""eastukna-maaa"":0.53,""eastukna-naga"":0.02,""eastukna-ncrnonup"":0.84,""eastukna-ncrup"":0.04,""eastukna-orsa"":0.37,""eastukna-path"":0.06,""eastukna-pnqa"":0.22,""eastukna-sguj"":0.02,""eastukna-sjaia"":0.02,""eastukna-westup"":0.01}",6.3,6.89,-0.59
PNQH,GOIB,"{""amda-goia"":0.22,""apda-goia"":0.04,""boma-goia"":3.33,""ccua-goia"":0.18,""cgsa-goia"":0,""eastup-goia"":0.03,""hyda-goia"":0.4,""idra-goia"":0.23,""ixca-goia"":0.72,""ixub-goia"":0.02,""jaia-goia"":0.01,""naga-goia"":0.02,""ncrnonup-goia"":0.7,""ncrup-goia"":0.14,""orsa-goia"":0.01,""path-goia"":0,""pnpf-goia"":0.05,""pnqa-goia"":2.37,""sguj-goia"":0.3,""sjaia-goia"":0.02,""snra-goia"":0.17,""tirb-goia"":0.09,""westup-goia"":0.09}",9.14,9.77,-0.63
HYDH,DELH,"{""apda-ixca"":2.25,""apda-jaia"":0.04,""apda-ncrnonup"":1.5,""apda-ncrup"":0.12,""apda-pnpf"":0.01,""apda-sjaia"":0.04,""apda-westup"":0.01,""hyda-ixca"":4.57,""hyda-jaia"":0.5,""hyda-ncrnonup"":3.34,""hyda-ncrup"":0.41,""hyda-pnpf"":0.06,""hyda-sjaia"":0.12,""hyda-westup"":0.17,""tirb-jaia"":0.05,""tirb-ncrnonup"":0.41,""tirb-ncrup"":0.05}",13.65,14.41,-0.76
GOIB,PNQH,"{""goia-amda"":0.4,""goia-apda"":0.22,""goia-boma"":0.8,""goia-ccua"":0.6,""goia-cgsa"":0.3,""goia-eastukna"":0.01,""goia-eastup"":0.5,""goia-guaa"":0.2,""goia-hyda"":1,""goia-idra"":0.17,""goia-ixca"":1.18,""goia-ixub"":0.18,""goia-jaia"":0.31,""goia-jspa"":0.33,""goia-naga"":0.12,""goia-ncrnonup"":0.42,""goia-ncrup"":0.18,""goia-orsa"":0.53,""goia-path"":0.26,""goia-pnpf"":0,""goia-pnqa"":0.43,""goia-sguj"":0.17,""goia-sjaia"":0.04,""goia-snra"":0.44,""goia-tirb"":0.05,""goia-westup"":0.03}",8.87,9.77,-0.9
CCUH,GAUB,"{""amda-guaa"":0.38,""apda-guaa"":0.12,""blraexnktk-guaa"":0.59,""boma-guaa"":1.93,""cbea-guaa"":0.03,""ccua-guaa"":4.18,""coka-guaa"":0.05,""eastukna-guaa"":0.07,""eastup-guaa"":0.09,""goia-guaa"":0.2,""hyda-guaa"":0.35,""idra-guaa"":0.04,""ixca-guaa"":1.49,""ixma-guaa"":0,""ixub-guaa"":0.01,""jaia-guaa"":0.07,""jspa-guaa"":0.34,""maaa-guaa"":0.64,""naga-guaa"":0.23,""ncrnonup-guaa"":3.11,""ncrup-guaa"":0.81,""orsa-guaa"":0.24,""path-guaa"":0.31,""pnqa-guaa"":1.18,""sguj-guaa"":0.29,""snra-guaa"":0.46,""tirb-guaa"":0,""westup-guaa"":0.03}",17.24,18.14,-0.9
CJBH,BLRH,"{""cbea-amda"":3.97,""cbea-apda"":0.27,""cbea-blraexnktk"":3.08,""cbea-boma"":3.06,""cbea-ccua"":1.36,""cbea-cgsa"":0.16,""cbea-eastup"":3.3,""cbea-goia"":0,""cbea-guaa"":0.03,""cbea-hyda"":0.86,""cbea-idra"":0.74,""cbea-ixca"":1.03,""cbea-ixub"":0.16,""cbea-jaia"":0.9,""cbea-jspa"":1.84,""cbea-naga"":0.1,""cbea-ncrnonup"":4.52,""cbea-ncrup"":2.18,""cbea-nktk"":0.32,""cbea-orsa"":0.29,""cbea-path"":0.04,""cbea-pnqa"":2.35,""cbea-sguj"":0.45,""cbea-sjaia"":0.08,""cbea-tirb"":0.03,""cbea-westup"":0}",31.12,32.06,-0.94
HYDH,NAGH,"{""apda-cgsa"":0.08,""apda-naga"":0.16,""blraexnktk-cgsa"":0.64,""blraexnktk-naga"":0.67,""cbea-cgsa"":0.16,""cbea-naga"":0.1,""coka-cgsa"":0.02,""coka-naga"":0.01,""hyda-cgsa"":0.3,""hyda-naga"":0.27,""ixma-naga"":0.05,""tirb-naga"":0.03}",2.49,3.47,-0.98
RPRH,NAGH,"{""ccua-ixub"":0.11,""ccua-naga"":0.31,""cgsa-amda"":0.02,""cgsa-apda"":0,""cgsa-blraexnktk"":0.03,""cgsa-cbea"":0,""cgsa-coka"":0,""cgsa-eastup"":0.07,""cgsa-hyda"":0.03,""cgsa-idra"":0.39,""cgsa-ixca"":0.04,""cgsa-jaia"":0.01,""cgsa-maaa"":0.16,""cgsa-naga"":0.29,""cgsa-ncrnonup"":0.04,""cgsa-ncrup"":0.08,""cgsa-sjaia"":0,""cgsa-tirb"":0.01,""guaa-ixub"":0,""guaa-naga"":0.03,""jspa-amda"":0.06,""jspa-idra"":0.03,""jspa-naga"":0.01,""orsa-amda"":0.09,""orsa-idra"":0.12,""orsa-naga"":0.02,""path-naga"":0.02}",1.97,3,-1.03
SXVF,MAAH,"{""cbea-maaa"":0.65,""coka-maaa"":0.94,""ixma-maaa"":0.34,""ixma-tirb"":0.03}",1.96,3.03,-1.07
AMCH,IXCB,"{""amda-ixca"":1.38,""apda-ixca"":0.02,""blraexnktk-ixca"":1.8,""boma-ixca"":2.57,""cbea-ixca"":0.03,""ccua-ixca"":0.19,""cgsa-ixca"":0.04,""coka-ixca"":0,""eastukna-ixca"":0.17,""eastup-ixca"":0.21,""goia-ixca"":0.24,""guaa-ixca"":0.02,""hyda-ixca"":0.37,""idra-ixca"":0.15,""ixca-ixca"":1.03,""ixub-ixca"":0.01,""jaia-ixca"":0.12,""jspa-ixca"":0.09,""maaa-ixca"":1.85,""naga-ixca"":0,""ncrnonup-ixca"":4.11,""ncrup-ixca"":0.64,""orsa-ixca"":0.01,""path-ixca"":0.01,""pnpf-ixca"":0.02,""pnqa-ixca"":1.7,""sguj-ixca"":0.43,""sjaia-ixca"":0.01,""snra-ixca"":0.3,""westup-ixca"":0.06}",17.58,18.71,-1.13
OIXH,AMCH,"{""ixca-amda"":0.02,""ixca-apda"":0.11,""ixca-blraexnktk"":0.27,""ixca-boma"":0.24,""ixca-cbea"":0.01,""ixca-ccua"":0.03,""ixca-cgsa"":0.04,""ixca-coka"":0.03,""ixca-eastukna"":0,""ixca-eastup"":0.11,""ixca-goia"":0.02,""ixca-guaa"":0.12,""ixca-hyda"":0.07,""ixca-idra"":0.07,""ixca-ixca"":0.1,""ixca-ixma"":0,""ixca-ixub"":0.01,""ixca-jaia"":0.07,""ixca-jspa"":0.04,""ixca-maaa"":0.29,""ixca-naga"":0.06,""ixca-ncrnonup"":0.24,""ixca-ncrup"":0.06,""ixca-nktk"":0,""ixca-orsa"":0.05,""ixca-path"":0.07,""ixca-pnpf"":0.01,""ixca-pnqa"":0.11,""ixca-sguj"":0,""ixca-sjaia"":0.01,""ixca-snra"":0.02,""ixca-tirb"":0.04,""ixca-westup"":0.01}",2.33,3.47,-1.14
CJBH,SXVF,"{""cbea-ixma"":0.27,""cbea-maaa"":0.65}",0.92,2.24,-1.32
KNPH,PATH,"{""amda-path"":0.76,""boma-path"":1.8,""eastukna-path"":0.06,""eastup-path"":0.27,""goia-path"":0.26,""idra-path"":0.04,""ixca-path"":1.67,""jaia-path"":0.42,""ncrnonup-path"":3.97,""ncrup-path"":1.03,""pnpf-path"":0.25,""pnqa-path"":0.54,""sguj-path"":0.67,""snra-path"":0.2,""westup-path"":0.21}",12.15,13.61,-1.46
NAGH,IDRH,"{""cgsa-amda"":0.02,""cgsa-eastup"":0.07,""cgsa-idra"":0.39,""cgsa-ixca"":0.04,""cgsa-jaia"":0.01,""cgsa-maaa"":0.16,""cgsa-ncrnonup"":0.04,""cgsa-ncrup"":0.08,""cgsa-sjaia"":0,""jspa-amda"":0.06,""jspa-idra"":0.03,""naga-amda"":0.13,""naga-eastukna"":0.03,""naga-eastup"":0.33,""naga-idra"":0.42,""naga-ixca"":0.46,""naga-jaia"":0.09,""naga-ncrnonup"":0.07,""naga-ncrup"":0.09,""naga-sjaia"":0,""naga-westup"":0.09,""orsa-amda"":0.09,""orsa-idra"":0.12}",2.82,4.3,-1.48
IDRH,DELH,"{""cgsa-ixca"":0.04,""cgsa-ncrnonup"":0.04,""cgsa-ncrup"":0.08,""idra-ixca"":0.61,""idra-ncrnonup"":1.22,""idra-ncrup"":0.15,""idra-pnpf"":0,""naga-ixca"":0.46,""naga-ncrnonup"":0.07,""naga-ncrup"":0.09}",2.76,4.24,-1.48
MAAH,BOMH,"{""maaa-boma"":10.55}",10.55,12.07,-1.52
NAGH,RPRH,"{""amda-cgsa"":0.74,""amda-jspa"":0.57,""amda-orsa"":0.75,""apda-cgsa"":0.08,""blraexnktk-cgsa"":0.64,""cbea-cgsa"":0.16,""coka-cgsa"":0.02,""eastukna-cgsa"":0.07,""eastup-cgsa"":0.08,""hyda-cgsa"":0.3,""idra-cgsa"":0.22,""idra-jspa"":0.06,""idra-orsa"":0.71,""ixca-cgsa"":1.79,""ixub-cgsa"":0.1,""ixub-orsa"":0.17,""ixub-path"":0.19,""jaia-cgsa"":0.09,""maaa-cgsa"":2.11,""naga-ccua"":1.3,""naga-cgsa"":0.74,""naga-guaa"":0.23,""naga-jspa"":0.05,""naga-orsa"":0.27,""naga-path"":0.21,""ncrnonup-cgsa"":2.43,""ncrup-cgsa"":1.04,""pnpf-cgsa"":0.03,""westup-cgsa"":0.09}",15.24,16.82,-1.58
AMDH,IDRH,"{""amda-apda"":1.15,""amda-cgsa"":0.74,""amda-eastukna"":0.39,""amda-eastup"":1.62,""amda-hyda"":3.59,""amda-idra"":1.53,""amda-jspa"":0.57,""amda-maaa"":4.35,""amda-naga"":0.82,""amda-orsa"":0.75,""amda-path"":0.76,""amda-tirb"":0.12,""amda-westup"":0.37,""jaia-cgsa"":0.09,""jaia-idra"":0.34,""jaia-naga"":0.05,""sjaia-idra"":0.05,""sjaia-maaa"":0.1}",17.39,19,-1.61
BLRH,AMCH,"{""blraexnktk-ixca"":7.83,""cbea-ixca"":1.03,""coka-ixca"":0.61,""ixma-ixca"":0.04}",9.51,11.95,-2.44
IDRH,AMDH,"{""apda-amda"":1.22,""cgsa-amda"":0.02,""cgsa-jaia"":0.01,""cgsa-sjaia"":0,""eastup-amda"":0.37,""guaa-amda"":0.05,""hyda-amda"":1.58,""idra-amda"":2,""idra-jaia"":0.24,""idra-sjaia"":0.07,""ixca-amda"":2.59,""jspa-amda"":0.06,""maaa-amda"":6.62,""naga-amda"":0.13,""naga-jaia"":0.09,""naga-sjaia"":0,""orsa-amda"":0.09,""path-amda"":0.06,""tirb-amda"":0.16,""westup-amda"":0.38}",15.74,18.21,-2.47
IDRH,NAGH,"{""amda-cgsa"":0.74,""amda-jspa"":0.57,""amda-naga"":0.82,""amda-orsa"":0.75,""eastukna-cgsa"":0.07,""eastukna-naga"":0.02,""eastup-cgsa"":0.08,""eastup-naga"":0.13,""idra-cgsa"":0.22,""idra-ixub"":0.09,""idra-jspa"":0.06,""idra-naga"":0.35,""idra-orsa"":0.71,""ixca-cgsa"":1.79,""ixca-naga"":0.77,""jaia-cgsa"":0.09,""jaia-naga"":0.05,""maaa-cgsa"":2.11,""maaa-naga"":0.84,""westup-cgsa"":0.09,""westup-naga"":0.14}",10.49,13.41,-2.92
DELH,AMDH,"{""eastukna-amda"":0.42,""ncrnonup-amda"":6.3,""ncrup-amda"":2.36,""pnpf-amda"":0.38}",9.46,13.71,-4.25
